{"run_dir": "/Users/saams4u/chemlabs/use_cases/ml_apps/chemprop/main/wandb/run-20210627_170727-29r86854", "_step": 0, "_runtime": 58.329506158828735, "_timestamp": 1624813702.937247}
